"PointID","x","y","Density","Momentum_x","Momentum_y","Energy","Pressure","Temperature","Mach","Pressure_Coefficient"
24, 1.000000000000000e+00, -0.000000000000000e+00, 1.201681046529476e+00, 1.092302376827581e+01, -1.174369731184333e+00, 2.535799295266414e+05, 1.014118846847330e+05, 2.939882600399959e+02, 2.659717179240451e-02, 1.867061137985352e-01
25, 7.994105490510000e-01, -7.709416416200000e-02, 1.200087970761216e+00, 4.194323248442767e+01, 1.307148550242777e+01, 2.530171346522942e+05, 1.008851943606964e+05, 2.928496422133667e+02, 1.067100831289431e-01, -9.450963883154320e-01
26, 9.997700692200000e-02, -7.811024943400000e-02, 1.196962908868123e+00, 4.681010169447973e+01, -2.088743938249276e+01, 2.524567627863908e+05, 1.005436821966132e+05, 2.926202916061174e+02, 1.248783601606470e-01, -1.678970363537564e+00
27, 9.997700692200000e-02, 2.610682152300000e-02, 1.205620164830133e+00, 2.253386717548385e+01, -4.941424291443691e-01, 2.540524568485652e+05, 1.015367075487081e+05, 2.933883865794584e+02, 5.444516495585908e-02, 4.549374127624506e-01
28, 7.994105490510000e-01, -2.045251614300000e-02, 1.206283714707261e+00, 2.084968365996617e+01, 1.024744114986935e+00, 2.541715712310748e+05, 1.015963802470281e+05, 2.933993284263104e+02, 5.039593639222407e-02, 5.831678096091165e-01
29, 1.306907786236000e+00, 1.176060429980000e-01, 1.199846348880163e+00, 7.921307413010547e+00, 2.561715468690923e+00, 2.531786020561034e+05, 1.012598877602782e+05, 2.939964949009377e+02, 2.018602554769552e-02, -1.399194032474007e-01
30, 1.257281268096000e+00, 7.666007644599999e-02, 1.202365524264960e+00, 2.221527341663240e+01, 1.685248377740311e+01, 2.533613942892377e+05, 1.012152252345565e+05, 2.932511177016468e+02, 6.755412389335710e-02, -2.358945067487650e-01
31, 1.063879814460000e+00, -3.000890998000000e-03, 1.199040163272455e+00, 4.592073634003419e+01, -5.369358568204087e+00, 2.527648886985380e+05, 1.007494129543323e+05, 2.927110644480223e+02, 1.124230569256655e-01, -1.236876450431757e+00
32, 1.050483380005000e+00, 3.380551016700000e-02, 1.205738685283105e+00, 1.956397933984403e+01, 6.070253201428678e+00, 2.540775479114878e+05, 1.015614191315762e+05, 2.934309440218312e+02, 4.947221175407218e-02, 5.080400236230240e-01
33, 1.251297107103000e+00, 9.310142364900000e-02, 1.205725646974286e+00, 2.182189159322014e+01, 8.694591990460697e+00, 2.540776017699013e+05, 1.015395122770987e+05, 2.933708231827642e+02, 5.673897113166630e-02, 4.609644811656471e-01
357, 9.883058983110130e-01, -5.287291896731231e-03, 1.203868076047660e+00, 1.522269301515037e+01, 6.574771674161012e+00, 2.536217138637128e+05, 1.014030064531208e+05, 2.934284899366882e+02, 4.011015143140094e-02, 1.676277212509597e-01
358, 9.761972896971080e-01, -1.065782956779242e-02, 1.205182802433167e+00, 2.176868781296750e+01, 9.218198347586307e+00, 2.539630070491149e+05, 1.014924615444227e+05, 2.933669632196068e+02, 5.712689545408187e-02, 3.598573703289328e-01
359, 9.638038677340682e-01, -1.604524813007051e-02, 1.204113503697002e+00, 2.596368676354795e+01, 1.094558177166785e+01, 2.537362860563330e+05, 1.013626466562074e+05, 2.932519172793606e+02, 6.816341465799916e-02, 8.089873260868444e-02
360, 9.511643497100751e-01, -2.142589397862291e-02, 1.203576264683593e+00, 2.889646893216717e+01, 1.201147204880617e+01, 2.536454632885043e+05, 1.012954567195891e+05, 2.931883420770119e+02, 7.574569230407403e-02, -6.348542428783979e-02
361, 9.382993439195305e-01, -2.678481453891437e-02, 1.203011246565870e+00, 3.097963735373690e+01, 1.266369687618189e+01, 2.535391852809774e+05, 1.012294568758791e+05, 2.931349249348697e+02, 8.105456318362478e-02, -2.053121958100186e-01
362, 9.252301883287646e-01, -3.210738082553483e-02, 1.202634251482898e+00, 3.265510975147409e+01, 1.301286199556804e+01, 2.534758155172454e+05, 1.011848288549521e+05, 2.930975432563151e+02, 8.516602909752946e-02, -3.012131521108706e-01
363, 9.119787987291081e-01, -3.737939544507324e-02, 1.202198583146685e+00, 3.404528509163674e+01, 1.332258987569048e+01, 2.533819952785351e+05, 1.011304433595945e+05, 2.930461666421442e+02, 8.861418268316947e-02, -4.180819019537571e-01
364, 8.985101664025356e-01, -4.260920028123383e-02, 1.202090163619701e+00, 3.523449067185599e+01, 1.332587630535694e+01, 2.533929233895571e+05, 1.011210725379373e+05, 2.930454408873884e+02, 9.131565056484738e-02, -4.382188190651804e-01
365, 8.848525586649492e-01, -4.777998741299383e-02, 1.201575391772588e+00, 3.631678657497675e+01, 1.352706757298570e+01, 2.532710597864316e+05, 1.010584370132862e+05, 2.929893922965590e+02, 9.399252626663307e-02, -5.728160202782866e-01
366, 8.710534954792429e-01, -5.286889670566849e-02, 1.201431243897723e+00, 3.739676864642611e+01, 1.348567666143114e+01, 2.532675771195973e+05, 1.010439476646375e+05, 2.929825325311292e+02, 9.643004639552263e-02, -6.039521173473373e-01
367, 8.570431550858914e-01, -5.789632644373204e-02, 1.201081547700698e+00, 3.839435966599389e+01, 1.352890247025163e+01, 2.531960694173124e+05, 1.010024834633289e+05, 2.929475719569476e+02, 9.877923870908301e-02, -6.930543556978128e-01
368, 8.428700447247478e-01, -6.283905379055002e-02, 1.200795196738301e+00, 3.937614903002714e+01, 1.349542873505070e+01, 2.531424448260144e+05, 1.009684012082663e+05, 2.929185547783505e+02, 1.010319866011439e-01, -7.662935624900929e-01
369, 8.285594285774870e-01, -6.768339246214443e-02, 1.200547382881134e+00, 4.029031835341225e+01, 1.340464630894254e+01, 2.530984227007418e+05, 1.009390070418805e+05, 2.928937254979200e+02, 1.030893952043168e-01, -8.294585563104616e-01
370, 8.140260548184091e-01, -7.245223647978122e-02, 1.200310002507079e+00, 4.114344711483272e+01, 1.326529890075058e+01, 2.530566860898167e+05, 1.009112963100235e+05, 2.928712260253058e+02, 1.049772379661087e-01, -8.890060251357241e-01
371, 7.835321936046352e-01, -8.196158048578192e-02, 1.199864535069385e+00, 4.273891999678882e+01, 1.284447403529536e+01, 2.529772451718017e+05, 1.008589279608417e+05, 2.928279155916474e+02, 1.084209729586437e-01, -1.001540138504718e+00
372, 7.676029657477536e-01, -8.665993901805671e-02, 1.199657447346903e+00, 4.349335161075080e+01, 1.256734550298575e+01, 2.529406367469764e+05, 1.008345555226031e+05, 2.928076905155812e+02, 1.100115430040692e-01, -1.053913962974640e+00
373, 7.516239607139181e-01, -9.118608056373255e-02, 1.199454421796402e+00, 4.421632236179792e+01, 1.225726667295326e+01, 2.529043760449259e+05, 1.008107035234429e+05, 2.927879784064172e+02, 1.115193499633220e-01, -1.105169418216499e+00
374, 7.355963246405708e-01, -9.553671294602104e-02, 1.199260924917008e+00, 4.490660747685622e+01, 1.191503038152400e+01, 2.528699415242187e+05, 1.007879930065825e+05, 2.927692492276269e+02, 1.129426427277440e-01, -1.153971947205250e+00
375, 7.195211173961552e-01, -9.970844272103745e-02, 1.199069326766844e+00, 4.557007665983011e+01, 1.154594811907864e+01, 2.528352624703527e+05, 1.007654956416389e+05, 2.927506696961477e+02, 1.143005270941641e-01, -1.202316434984949e+00
376, 7.033996911564074e-01, -1.036976741928715e-01, 1.198887022880906e+00, 4.621319847956400e+01, 1.114974777156094e+01, 2.528030731102412e+05, 1.007442168074032e+05, 2.927333555422329e+02, 1.156082321711037e-01, -1.248042427529235e+00
377, 6.872333442901724e-01, -1.075006945559683e-01, 1.198710032959008e+00, 4.683745794035543e+01, 1.072489222773870e+01, 2.527715452335719e+05, 1.007234088741629e+05, 2.927161069947670e+02, 1.168702876193959e-01, -1.292756503012370e+00
378, 6.710234482441773e-01, -1.111136510221037e-01, 1.198535013264798e+00, 4.744198609316552e+01, 1.027325266314956e+01, 2.527401935373826e+05, 1.007028837679311e+05, 2.926991942504364e+02, 1.180873228155941e-01, -1.336862812790887e+00
379, 6.547715277017849e-01, -1.145325289113917e-01, 1.198367941010097e+00, 4.802789563567243e+01, 9.795461512164007e+00, 2.527103859862135e+05, 1.006831707327559e+05, 2.926826961945347e+02, 1.192630415933341e-01, -1.379224066676452e+00
380, 6.384791593447012e-01, -1.177531675530313e-01, 1.198204751408229e+00, 4.859545674182763e+01, 9.290577033729106e+00, 2.526814261629686e+05, 1.006639870015199e+05, 2.926667840635216e+02, 1.203993974438786e-01, -1.420447901673870e+00
381, 6.221480636490326e-01, -1.207712613316239e-01, 1.198044823736266e+00, 4.914625793353073e+01, 8.758341685141056e+00, 2.526528815230721e+05, 1.006451309097784e+05, 2.926510234880622e+02, 1.215017663685885e-01, -1.460967673614103e+00
382, 6.057801339927668e-01, -1.235823405407193e-01, 1.197898479439977e+00, 4.967204216306214e+01, 8.196820521765233e+00, 2.526279613625038e+05, 1.006280268763316e+05, 2.926370355865769e+02, 1.225498019330407e-01, -1.497722455253020e+00
383, 5.893771413428085e-01, -1.261818361259613e-01, 1.197742767948756e+00, 5.017204335277725e+01, 7.609209163263841e+00, 2.525996669945500e+05, 1.006098689606895e+05, 2.926222675856800e+02, 1.235474619888711e-01, -1.536741919668888e+00
384, 5.729414083984778e-01, -1.285649722956654e-01, 1.197588995988094e+00, 5.064666712860386e+01, 6.994096911890744e+00, 2.525717483447627e+05, 1.005921551993725e+05, 2.926083138399904e+02, 1.244953150197800e-01, -1.574806942824812e+00
385, 5.564750953893864e-01, -1.307268793810253e-01, 1.197446281222896e+00, 5.109605440058807e+01, 6.349657338080225e+00, 2.525459521937888e+05, 1.005755844088653e+05, 2.925949798361812e+02, 1.253940057510930e-01, -1.610415841075066e+00
386, 5.399806707876322e-01, -1.326625392929401e-01, 1.197315702107863e+00, 5.152601914387026e+01, 5.679048253245327e+00, 2.525228824270960e+05, 1.005602851854838e+05, 2.925823767823348e+02, 1.262603401672853e-01, -1.643292274366884e+00
387, 5.234607423098473e-01, -1.343668105731222e-01, 1.197178354252404e+00, 5.193347727958250e+01, 4.982198829963170e+00, 2.524973427386413e+05, 1.005442164838013e+05, 2.925691860717879e+02, 1.270909884643655e-01, -1.677822236167915e+00
388, 5.069181145008876e-01, -1.358344270155661e-01, 1.197059180869097e+00, 5.231096408075266e+01, 4.254670465048700e+00, 2.524765013629891e+05, 1.005303828336829e+05, 2.925580548988474e+02, 1.278656764048482e-01, -1.707549305572426e+00
389, 4.903558050279759e-01, -1.370600112490720e-01, 1.196946362493946e+00, 5.266410715455125e+01, 3.500572958598588e+00, 2.524562116144265e+05, 1.005170064454575e+05, 2.925466990992439e+02, 1.286029362654209e-01, -1.736293766922551e+00
390, 4.737770452900655e-01, -1.380380826154941e-01, 1.196842952482551e+00, 5.298522994337058e+01, 2.718962951085606e+00, 2.524380206001182e+05, 1.005048328502198e+05, 2.925365424781543e+02, 1.292854963601622e-01, -1.762453551754420e+00
391, 4.571852933572234e-01, -1.387630606870416e-01, 1.196732673738207e+00, 5.327675904439722e+01, 1.912543072300130e+00, 2.524172735892615e+05, 1.004919377168494e+05, 2.925259627240122e+02, 1.299239601791529e-01, -1.790163846680466e+00
392, 4.405842668151232e-01, -1.392292787027834e-01, 1.196650705610279e+00, 5.353392918610219e+01, 1.075410269121787e+00, 2.524026295111800e+05, 1.004818747032664e+05, 2.925167053232625e+02, 1.305043980182097e-01, -1.811788211952027e+00
393, 4.239779268404772e-01, -1.394309944874062e-01, 1.196565419886952e+00, 5.376439674090554e+01, 2.154340654667048e-01, 2.523874594402502e+05, 1.004718247743928e+05, 2.925082957540086e+02, 1.310520675349486e-01, -1.833384459549767e+00
394, 4.073705104942247e-01, -1.393623931138296e-01, 1.196495981637312e+00, 5.394661967623806e+01, -6.704989858193851e-01, 2.523745847341041e+05, 1.004632986460431e+05, 2.925004474219456e+02, 1.315147372907330e-01, -1.851706218957755e+00
395, 3.907665383483014e-01, -1.390175995414689e-01, 1.196425568884177e+00, 5.407872310359425e+01, -1.587295341336942e+00, 2.523585853875585e+05, 1.004541387278543e+05, 2.924909910202192e+02, 1.318932729852333e-01, -1.871389926540970e+00
396, 3.741708395198964e-01, -1.383906834888395e-01, 1.196415400409085e+00, 5.414839247613475e+01, -2.518722462041342e+00, 2.523582067158228e+05, 1.004520833303887e+05, 2.924874922109656e+02, 1.321509850041974e-01, -1.875806761041682e+00
397, 3.575885047333230e-01, -1.374756593469053e-01, 1.196349258134827e+00, 5.420488628190094e+01, -3.495304521577493e+00, 2.523425812836838e+05, 1.004438008203921e+05, 2.924795452833276e+02, 1.324295498029356e-01, -1.893605010050875e+00
398, 3.410250859771272e-01, -1.362664969312357e-01, 1.196325573997130e+00, 5.421885160781071e+01, -4.460150046531608e+00, 2.523491433889061e+05, 1.004448795337996e+05, 2.924884767564456e+02, 1.326362379994065e-01, -1.891286967592343e+00
399, 3.244863141892013e-01, -1.347570994502810e-01, 1.196311061011899e+00, 5.419910329111199e+01, -5.475918246742492e+00, 2.523425566324855e+05, 1.004409094638884e+05, 2.924804643584820e+02, 1.328177297308888e-01, -1.899818233222167e+00
400, 3.079783737238112e-01, -1.329413037221316e-01, 1.196294233615844e+00, 5.413387716614109e+01, -6.482924854607273e+00, 2.523476254077218e+05, 1.004420980106529e+05, 2.924880395231348e+02, 1.329291980000601e-01, -1.897264170349601e+00
401, 2.915078415402935e-01, -1.308128574205421e-01, 1.196301346028027e+00, 5.401264421652384e+01, -7.523065552079413e+00, 2.523489380627191e+05, 1.004423823964687e+05, 2.924871287121886e+02, 1.329611949815660e-01, -1.896653054931075e+00
402, 2.750816949760262e-01, -1.283653836949495e-01, 1.196247756797900e+00, 5.381396264940779e+01, -8.587904287530671e+00, 2.523311716840200e+05, 1.004359670652734e+05, 2.924815492711016e+02, 1.328729818757766e-01, -1.910438931692580e+00
403, 2.587073817483432e-01, -1.255923314659664e-01, 1.196252639367235e+00, 5.354172325028246e+01, -9.626399510509735e+00, 2.523424354470978e+05, 1.004421984769922e+05, 2.924985020341643e+02, 1.326377240367622e-01, -1.897048278678654e+00
404, 2.423928613605758e-01, -1.224869070064644e-01, 1.196275148591518e+00, 5.322216058701159e+01, -1.071324930528435e+01, 2.523427907531209e+05, 1.004443580772399e+05, 2.924992872254171e+02, 1.323656056572745e-01, -1.892407523281381e+00
405, 2.261466393418575e-01, -1.190419673578821e-01, 1.196323397887345e+00, 5.285062619426462e+01, -1.179943117984098e+01, 2.523550336766314e+05, 1.004517755850654e+05, 2.925090896487524e+02, 1.320217881536272e-01, -1.876468073602580e+00
406, 2.099779525399313e-01, -1.152499017634175e-01, 1.196367669289818e+00, 5.240408245766129e+01, -1.290032005009178e+01, 2.523625708822435e+05, 1.004581201573001e+05, 2.925167396960148e+02, 1.315685241539090e-01, -1.862834250457568e+00
407, 1.938967865991685e-01, -1.111024204755714e-01, 1.196414156769766e+00, 5.188188911355776e+01, -1.400854257008166e+01, 2.523692979857997e+05, 1.004649482965353e+05, 2.925252553531776e+02, 1.310039054505557e-01, -1.848161292329165e+00
408, 1.779141169411970e-01, -1.065903038908164e-01, 1.196478162877705e+00, 5.127144007223613e+01, -1.512218895695986e+01, 2.523800500785296e+05, 1.004743780226252e+05, 2.925370617924849e+02, 1.303000490509860e-01, -1.827897795743560e+00
409, 1.620421658744576e-01, -1.017030294008015e-01, 1.196572755786834e+00, 5.057888984021493e+01, -1.624708874115867e+01, 2.523953071422637e+05, 1.004864102967819e+05, 2.925489657052481e+02, 1.294809980707578e-01, -1.802041695156319e+00
410, 1.462947919221997e-01, -9.642827220764635e-02, 1.196664210690572e+00, 4.980528047549088e+01, -1.738607328871053e+01, 2.524102150952022e+05, 1.004989862243183e+05, 2.925632175493868e+02, 1.285621795999044e-01, -1.775017340231756e+00
411, 1.306880359250884e-01, -9.075114875876227e-02, 1.196746998937350e+00, 4.894107848536501e+01, -1.853839181625252e+01, 2.524229076221078e+05, 1.005114387116398e+05, 2.925792266934273e+02, 1.275308463392487e-01, -1.748258245437718e+00
412, 1.152409219700882e-01, -8.465309281610736e-02, 1.196820474261105e+00, 4.795461916322316e+01, -1.971457816062247e+01, 2.524326820083429e+05, 1.005238308077403e+05, 2.925973346370519e+02, 1.263358605532369e-01, -1.721628925070553e+00
413, 8.539839206730440e-02, -7.132026513611016e-02, 1.197042271687790e+00, 4.559521519072963e+01, -2.204012515173256e+01, 2.524659012605901e+05, 1.005578558765127e+05, 2.926421392008739e+02, 1.233646526559889e-01, -1.648512605643828e+00
414, 7.275414598963645e-02, -6.493908340608300e-02, 1.197135600803740e+00, 4.436331880977527e+01, -2.318462519204591e+01, 2.524807731921423e+05, 1.005737049183480e+05, 2.926654447915691e+02, 1.219215942367984e-01, -1.614454669914671e+00
415, 6.176221598791513e-02, -5.895673614924097e-02, 1.197208333458762e+00, 4.312733861419371e+01, -2.427623420944150e+01, 2.524868069064542e+05, 1.005855537291088e+05, 2.926821422851369e+02, 1.205326091882625e-01, -1.588992813005311e+00
416, 5.218828967626923e-02, -5.335409427185064e-02, 1.197274899959344e+00, 4.188352784327201e+01, -2.533543766828647e+01, 2.524966124898220e+05, 1.005983836513498e+05, 2.927031998580283e+02, 1.192057783771966e-01, -1.561422649986018e+00
417, 4.383678499631340e-02, -4.810648623467282e-02, 1.197362663199153e+00, 4.059716818093844e+01, -2.635093287797925e+01, 2.525094327698771e+05, 1.006124962125126e+05, 2.927228047540621e+02, 1.178520453682022e-01, -1.531096229874880e+00
418, 3.654386699990666e-02, -4.318608563164637e-02, 1.197324755004909e+00, 3.916499570137859e+01, -2.731933553889569e+01, 2.524912137005873e+05, 1.006155958388833e+05, 2.927410909396426e+02, 1.162754190923905e-01, -1.524435456509715e+00
419, 3.017198715172969e-02, -3.856339004106438e-02, 1.197343647405164e+00, 3.768268275841765e+01, -2.828758920008478e+01, 2.524907797700362e+05, 1.006254622714150e+05, 2.927651778305463e+02, 1.147270875994341e-01, -1.503233523387561e+00
420, 2.460565382988334e-02, -3.420810993093080e-02, 1.197281417053576e+00, 3.603839964158514e+01, -2.928609912854609e+01, 2.524593987961719e+05, 1.006235364631071e+05, 2.927747913617421e+02, 1.130724881066578e-01, -1.507371884321819e+00
421, 1.974821166302445e-02, -3.008957954143453e-02, 1.197321604097292e+00, 3.430310518005164e+01, -3.026371000949914e+01, 2.524712052732529e+05, 1.006389360622956e+05, 2.928097698880916e+02, 1.113756273837778e-01, -1.474279753903629e+00
422, 1.551948580239776e-02, -2.617685582216563e-02, 1.197261145448886e+00, 3.229442832895363e+01, -3.128637219345401e+01, 2.524386920805206e+05, 1.006377448020983e+05, 2.928210898822624e+02, 1.094779512668548e-01, -1.476839647659872e+00
423, 1.185427376822455e-02, -2.243852798982687e-02, 1.197296581226459e+00, 3.009736679893842e+01, -3.231825069324443e+01, 2.524504359902250e+05, 1.006543869768854e+05, 2.928608449548781e+02, 1.075156747717762e-01, -1.441077352046881e+00
424, 8.701753574609953e-03, -1.884231275842020e-02, 1.197289020171441e+00, 2.749364082423055e+01, -3.339196999386811e+01, 2.524295851321363e+05, 1.006593073505591e+05, 2.928770106690906e+02, 1.053022328649544e-01, -1.430503982875104e+00
425, 6.026057970900936e-03, -1.535450435385628e-02, 1.197374930910644e+00, 2.444338548394052e+01, -3.442353559241268e+01, 2.524454348574780e+05, 1.006804461635657e+05, 2.929174977689391e+02, 1.027680456887071e-01, -1.385078881329191e+00
426, 3.808516097074179e-03, -1.193949271948463e-02, 1.197532622501819e+00, 2.066603251873839e+01, -3.526763890581009e+01, 2.524665470101378e+05, 1.007075631486750e+05, 2.929578094489188e+02, 9.947990339752255e-02, -1.326807312257460e+00
427, 2.052388458332981e-03, -8.559994991485551e-03, 1.197884713113097e+00, 1.599329171605575e+01, -3.558416227702011e+01, 2.525287773083276e+05, 1.007573933161505e+05, 2.930166143582692e+02, 9.490736181574182e-02, -1.219727486303501e+00
428, 7.909758623573133e-04, -5.179799885187545e-03, 1.198390312382398e+00, 1.016777939076085e+01, -3.483204469693165e+01, 2.526271962081873e+05, 1.008311412137219e+05, 2.931073697735723e+02, 8.822171679077664e-02, -1.061250956191224e+00
429, 9.804130301044478e-05, -1.773217001668898e-03, 1.199559333677638e+00, 3.514220018775779e+00, -3.230197469646851e+01, 2.528841730683896e+05, 1.009776433681939e+05, 2.932471782585407e+02, 7.890356126517752e-02, -7.464331259990149e-01
430, 9.074169343345840e-05, 1.653119487520701e-03, 1.200578910110665e+00, -2.669454634929949e+00, -2.701436565305998e+01, 2.530747424629396e+05, 1.011071392166561e+05, 2.933738887710691e+02, 6.584981599849379e-02, -4.681600713895694e-01
431, 9.020325722798349e-04, 5.032846234059434e-03, 1.201378554094839e+00, -6.527602836555970e+00, -1.993397005869434e+01, 2.531958142486740e+05, 1.012050810490481e+05, 2.934626177755601e+02, 5.084026213188426e-02, -2.576933020110436e-01
432, 2.610466518225473e-03, 8.248519802069672e-03, 1.202895864678096e+00, -7.386864219978518e+00, -1.300733093294007e+01, 2.535285194619664e+05, 1.013742048268957e+05, 2.935822361566871e+02, 3.620311912487083e-02, 1.057360343547071e-01
433, 5.200836973985120e-03, 1.120081483043218e-02, 1.205648158022073e+00, -5.826408811189443e+00, -6.244105416699333e+00, 2.542289083394347e+05, 1.016794643014735e+05, 2.937940579240206e+02, 2.061482790267114e-02, 7.617067658337573e-01
434, 8.617911685361041e-03, 1.385671554665020e-02, 1.205483372865686e+00, -1.175795874771814e+00, -1.341987019584994e+00, 2.541935908599436e+05, 1.016769081865309e+05, 2.938268318107025e+02, 4.307165128951262e-03, 7.562139417667714e-01
435, 1.283117175302612e-02, 1.623001592454574e-02, 1.205829341622284e+00, 3.698032924926800e+00, 1.248495339447776e+00, 2.542064871011649e+05, 1.016800680835526e+05, 2.937516577948095e+02, 9.420735302997725e-03, 7.630042304663870e-01
436, 1.785453830560899e-02, 1.834658994564347e-02, 1.205943770115604e+00, 7.654127421541404e+00, 2.572119253955901e+00, 2.541712280447110e+05, 1.016576778672693e+05, 2.936591058115325e+02, 1.949086144696381e-02, 7.148899939676193e-01
437, 2.374159941270083e-02, 2.022644749138253e-02, 1.205446984821236e+00, 1.120714024766730e+01, 2.509958948574205e+00, 2.539755254736008e+05, 1.015683262097854e+05, 2.935219107381197e+02, 2.773990616831546e-02, 5.228826133625863e-01
438, 3.057819522576303e-02, 2.187850588994112e-02, 1.205975778238766e+00, 1.394353334628756e+01, 2.781348281039028e+00, 2.541201311607907e+05, 1.016145264144424e+05, 2.935266631912150e+02, 3.432687582442355e-02, 6.221620283102604e-01
439, 3.847830032145434e-02, 2.330013207417490e-02, 1.205541702452622e+00, 1.623921140809622e+01, 2.162058765892973e+00, 2.539971800879435e+05, 1.015543465766689e+05, 2.934584526418167e+02, 3.957089986088428e-02, 4.928418417406089e-01
440, 4.758318846652228e-02, 2.447773338391587e-02, 1.205808057243569e+00, 1.805210186413428e+01, 1.852903528049655e+00, 2.540820123821506e+05, 1.015781840484436e+05, 2.934624968563023e+02, 4.382280835066477e-02, 5.440660791481123e-01
441, 5.806305321612250e-02, 2.538721056789131e-02, 1.205774469874654e+00, 1.960071949773665e+01, 1.264567998505768e+00, 2.540768393156941e+05, 1.015667457602118e+05, 2.934376248940835e+02, 4.743524580629906e-02, 5.194863922811001e-01
442, 7.012060135412718e-02, 2.599400869973473e-02, 1.205715598502282e+00, 2.084476344907746e+01, 6.573353829804333e-01, 2.540705176323802e+05, 1.015560613075385e+05, 2.934210824685591e+02, 5.037017065326004e-02, 4.965266193035588e-01
443, 8.399651706234422e-02, 2.625278493170702e-02, 1.205654952411855e+00, 2.179648246085205e+01, 5.656523021608203e-02, 2.540536725713557e+05, 1.015426587775096e+05, 2.933971167112914e+02, 5.264875119826547e-02, 4.677259819479059e-01
444, 1.166775059602186e-01, 2.556272356750265e-02, 1.205574382554379e+00, 2.304526640842679e+01, -9.809272665581545e-01, 2.540433047996014e+05, 1.015290575157794e+05, 2.933774226824957e+02, 5.572096173089108e-02, 4.384982909203352e-01
445, 1.333650020821485e-01, 2.470593363616485e-02, 1.205558966204082e+00, 2.338784896451683e+01, -1.388437144895161e+00, 2.540390408833304e+05, 1.015245516684382e+05, 2.933681540896092e+02, 5.659921903289042e-02, 4.288156955464807e-01
446, 1.500379631670597e-01, 2.360044073866988e-02, 1.205559647165466e+00, 2.361218917794537e+01, -1.717064044476666e+00, 2.540362661187193e+05, 1.015215232777166e+05, 2.933592374636660e+02, 5.719316033564157e-02, 4.223080001520115e-01
447, 1.666964519456617e-01, 2.229448425807664e-02, 1.205572525614630e+00, 2.374786779921232e+01, -1.987172632482003e+00, 2.540412823917471e+05, 1.015222987857528e+05, 2.933583445771968e+02, 5.757028484367849e-02, 4.239744859326244e-01
448, 1.833413831809916e-01, 2.082588514402793e-02, 1.205586520410873e+00, 2.381032199200933e+01, -2.200968339271448e+00, 2.540451462280721e+05, 1.015232041302496e+05, 2.933575552375942e+02, 5.776529262133547e-02, 4.259199767076756e-01
449, 1.999742255026405e-01, 1.922526196852315e-02, 1.205598082113849e+00, 2.382277212125084e+01, -2.371683560606446e+00, 2.540467394915260e+05, 1.015236144651193e+05, 2.933559276109375e+02, 5.783424575979802e-02, 4.268017434897831e-01
450, 2.165964437763170e-01, 1.751809432046701e-02, 1.205610955656874e+00, 2.379737165756171e+01, -2.508216783429130e+00, 2.540480098777034e+05, 1.015242137643127e+05, 2.933545268260835e+02, 5.780634861643382e-02, 4.280895748693822e-01
451, 2.332095035514839e-01, 1.572606895429051e-02, 1.205640541233665e+00, 2.374837203112243e+01, -2.612441977131732e+00, 2.540534587292256e+05, 1.015266935724829e+05, 2.933544933483652e+02, 5.771420742425460e-02, 4.334184236515366e-01
452, 2.498157778255403e-01, 1.386788455128173e-02, 1.205652754506364e+00, 2.369092998098650e+01, -2.689432551953876e+00, 2.540564190521532e+05, 1.015282629865143e+05, 2.933560563342780e+02, 5.759622558851145e-02, 4.367909305053019e-01
453, 2.664161980549968e-01, 1.196016271303441e-02, 1.205684160073321e+00, 2.361610245705559e+01, -2.741864364276617e+00, 2.540618155260773e+05, 1.015309639907432e+05, 2.933562191047398e+02, 5.742958388749729e-02, 4.425951065170853e-01
454, 2.830125914687007e-01, 1.001765055777654e-02, 1.205715861641398e+00, 2.353238220526345e+01, -2.770872933940162e+00, 2.540681536389374e+05, 1.015341299364612e+05, 2.933576531812154e+02, 5.723521282063834e-02, 4.493983932336846e-01
455, 2.996064582547808e-01, 8.053699343163186e-03, 1.205741176688623e+00, 2.343441577754637e+01, -2.783179667449237e+00, 2.540730602396436e+05, 1.015368464044153e+05, 2.933593424076606e+02, 5.700234225352374e-02, 4.552357991760154e-01
456, 3.161992327455137e-01, 6.080494464786706e-03, 1.205777345213044e+00, 2.333042627361974e+01, -2.771972482420909e+00, 2.540793404293917e+05, 1.015401782031576e+05, 2.933601687083942e+02, 5.674793961041322e-02, 4.623954867211530e-01
457, 3.327922353261075e-01, 4.109262020625612e-03, 1.205804056178461e+00, 2.321962180965818e+01, -2.750564802193709e+00, 2.540847546552186e+05, 1.015432210518989e+05, 2.933624611081443e+02, 5.647460634970968e-02, 4.689342508899454e-01
458, 3.493867032324828e-01, 2.150402118510131e-03, 1.205835921675690e+00, 2.310355772954970e+01, -2.711299870927185e+00, 2.540901663263761e+05, 1.015463154264365e+05, 2.933636482295746e+02, 5.618350115723913e-02, 4.755837386143258e-01
459, 3.659837579940586e-01, 2.136278515563095e-04, 1.205860780246957e+00, 2.298360090402594e+01, -2.660987383539717e+00, 2.540950806617026e+05, 1.015492447739292e+05, 2.933660632034266e+02, 5.588027395710601e-02, 4.818786004532892e-01
460, 3.825844296949680e-01, -1.691957347516158e-03, 1.205885150645338e+00, 2.286010124277903e+01, -2.596504582069689e+00, 2.540990171959363e+05, 1.015518164176343e+05, 2.933675634895380e+02, 5.556493370703326e-02, 4.874047942091809e-01
461, 3.991896135840254e-01, -3.557773498328086e-03, 1.205909719959336e+00, 2.273781049610604e+01, -2.521971377639982e+00, 2.541044010677082e+05, 1.015549598387599e+05, 2.933706670668745e+02, 5.524993219118535e-02, 4.941596779289281e-01
462, 4.158001004549013e-01, -5.375719098583297e-03, 1.205934292316768e+00, 2.261721781248055e+01, -2.437239906628399e+00, 2.541088861942541e+05, 1.015577324419180e+05, 2.933726985849898e+02, 5.493686754739906e-02, 5.001177125622658e-01
463, 4.324165735200605e-01, -7.138110143897554e-03, 1.205957674481794e+00, 2.249860798219699e+01, -2.343459797199313e+00, 2.541129379109798e+05, 1.015603166033023e+05, 2.933744752132766e+02, 5.462692985546615e-02, 5.056708055035036e-01
464, 4.490395903961936e-01, -8.837661328721274e-03, 1.205985348527256e+00, 2.238323395817886e+01, -2.241786314636217e+00, 2.541174816018557e+05, 1.015630720908077e+05, 2.933757025941220e+02, 5.432343584972438e-02, 5.115920603868139e-01
465, 4.656695890554512e-01, -1.046744017182286e-02, 1.206008716012308e+00, 2.227134112207269e+01, -2.132151483206105e+00, 2.541216691707307e+05, 1.015656568743109e+05, 2.933774844570720e+02, 5.402749445145712e-02, 5.171464901965891e-01
466, 4.823068945864644e-01, -1.202085309638980e-02, 1.206031850228737e+00, 2.216045788087320e+01, -2.014064937181621e+00, 2.541252448140712e+05, 1.015679869347840e+05, 2.933785872297796e+02, 5.373326226154145e-02, 5.221535468163918e-01
467, 4.989517040100226e-01, -1.349163270322072e-02, 1.206054693255789e+00, 2.205401648399097e+01, -1.889997356839398e+00, 2.541300724081483e+05, 1.015707802875857e+05, 2.933810989857274e+02, 5.344963395807537e-02, 5.281561702668115e-01
468, 5.156041111419564e-01, -1.487381526303684e-02, 1.206075026881960e+00, 2.195134449548036e+01, -1.760391353046732e+00, 2.541334101174150e+05, 1.015729444226365e+05, 2.933824036434433e+02, 5.317567155384473e-02, 5.328066704822934e-01
469, 5.322640562269306e-01, -1.616173361226124e-02, 1.206096509809111e+00, 2.185260113932178e+01, -1.624315906282761e+00, 2.541367427277736e+05, 1.015750725212989e+05, 2.933833246036729e+02, 5.291160839071349e-02, 5.373797322625279e-01
470, 5.489314082306983e-01, -1.735002119887095e-02, 1.206117337347829e+00, 2.175918272738301e+01, -1.483187971671717e+00, 2.541409396558192e+05, 1.015775009693477e+05, 2.933852724483741e+02, 5.266130459443697e-02, 5.425982135074203e-01
471, 5.656058921794724e-01, -1.843359307516142e-02, 1.206135583138955e+00, 2.166873939100948e+01, -1.337488129284138e+00, 2.541442903616596e+05, 1.015795618893910e+05, 2.933867867132701e+02, 5.241965172412943e-02, 5.470269154509672e-01
472, 5.822871234928896e-01, -1.940765312698393e-02, 1.206153068694320e+00, 2.158196823921942e+01, -1.186800063039893e+00, 2.541469148105574e+05, 1.015812981699894e+05, 2.933875482293261e+02, 5.218847278074355e-02, 5.507580011306540e-01
473, 5.989746311755375e-01, -2.026769401104923e-02, 1.206170368611810e+00, 2.149924521726247e+01, -1.032238386371907e+00, 2.541505316485169e+05, 1.015833938163885e+05, 2.933893927847576e+02, 5.196889781939865e-02, 5.552613263861328e-01
474, 6.156678046414973e-01, -2.100949150437010e-02, 1.206184694040003e+00, 2.142046129527374e+01, -8.736984533333974e-01, 2.541526148399414e+05, 1.015848387824020e+05, 2.933900815506209e+02, 5.176120840824162e-02, 5.583664074459379e-01
475, 6.323659516834734e-01, -2.162911339834407e-02, 1.206199935080749e+00, 2.134586119461528e+01, -7.120113902235283e-01, 2.541555062775560e+05, 1.015865678277343e+05, 2.933913680377987e+02, 5.156598724476681e-02, 5.620819452944267e-01
476, 6.490682964081995e-01, -2.212291843052930e-02, 1.206212010444488e+00, 2.127686692349118e+01, -5.473061542118566e-01, 2.541580085412952e+05, 1.015880914782876e+05, 2.933928313019544e+02, 5.138709513286893e-02, 5.653561112129953e-01
477, 6.657739634786698e-01, -2.248755940318740e-02, 1.206223253182968e+00, 2.121255851945206e+01, -3.795335729444709e-01, 2.541601810588853e+05, 1.015894400230451e+05, 2.933939913475423e+02, 5.122245698978754e-02, 5.682539930631496e-01
478, 6.824819845380232e-01, -2.271998589433030e-02, 1.206234048150249e+00, 2.115250688961224e+01, -2.093405489910482e-01, 2.541618028860395e+05, 1.015905278630116e+05, 2.933945073657863e+02, 5.107127436858117e-02, 5.705916475439180e-01
479, 6.991913314660591e-01, -2.281744983564486e-02, 1.206244806421584e+00, 2.109737706163718e+01, -3.674526869694945e-02, 2.541643359032389e+05, 1.015919349688793e+05, 2.933959543353920e+02, 5.093517016584000e-02, 5.736153711043233e-01
480, 7.159009256546051e-01, -2.277750497198074e-02, 1.206253195458205e+00, 2.104682309513622e+01, 1.378058736014466e-01, 2.541658674316634e+05, 1.015928984206491e+05, 2.933966962916662e+02, 5.081371274287688e-02, 5.756857283408442e-01
481, 7.326095989509762e-01, -2.259801064643984e-02, 1.206260971788944e+00, 2.100080691212038e+01, 3.139556838226497e-01, 2.541671462366314e+05, 1.015937180268021e+05, 2.933971718469775e+02, 5.070682569737089e-02, 5.774469763691122e-01
482, 7.493161421708392e-01, -2.227713419919950e-02, 1.206269035574148e+00, 2.095917732493921e+01, 4.915713788556663e-01, 2.541683841752073e+05, 1.015944795858452e+05, 2.933974098435652e+02, 5.061421254290262e-02, 5.790834872202621e-01
483, 7.660193393798423e-01, -2.181335181202290e-02, 1.206274233691714e+00, 2.092053686967796e+01, 6.706874557783936e-01, 2.541697272032155e+05, 1.015952509007010e+05, 2.933983730167272e+02, 5.053265775227751e-02, 5.807409622940409e-01
484, 7.827179031592966e-01, -2.120544836472063e-02, 1.206283637706635e+00, 2.088564440906662e+01, 8.499217810100900e-01, 2.541717829350213e+05, 1.015962704257596e+05, 2.933990300029170e+02, 5.046375468866655e-02, 5.829318151721185e-01
485, 8.147336952942718e-01, -1.963280648730313e-02, 1.206292251665138e+00, 2.081887876607690e+01, 1.196454545179562e+00, 2.541734881696754e+05, 1.015972971148803e+05, 2.933998998287351e+02, 5.034333439075182e-02, 5.851380628714847e-01
486, 8.300155808603780e-01, -1.869228098196091e-02, 1.206291772675553e+00, 2.078970333680091e+01, 1.361702517698350e+00, 2.541731467571715e+05, 1.015972917031076e+05, 2.934000007023034e+02, 5.029752528966873e-02, 5.851264335371916e-01
487, 8.450940365412078e-01, -1.764360421272817e-02, 1.206297326321656e+00, 2.076263102939541e+01, 1.525451695692878e+00, 2.541741891454823e+05, 1.015978171137559e+05, 2.934001672362544e+02, 5.025948148767782e-02, 5.862554861497047e-01
488, 8.600714945333610e-01, -1.648320050853369e-02, 1.206300539450310e+00, 2.073620128107336e+01, 1.687634613575790e+00, 2.541743305533599e+05, 1.015979693164951e+05, 2.933998252679893e+02, 5.022598649090945e-02, 5.865825539413126e-01
489, 8.749057394539900e-01, -1.521731363076648e-02, 1.206305469008878e+00, 2.070621975015488e+01, 1.847397291355426e+00, 2.541760819100838e+05, 1.015987825188516e+05, 2.934009746895924e+02, 5.018634559030615e-02, 5.883300408795371e-01
490, 8.895551976720171e-01, -1.385356502897113e-02, 1.206310233769832e+00, 2.066797620553833e+01, 2.004185969494594e+00, 2.541770941274835e+05, 1.015993499043487e+05, 2.934014543075086e+02, 5.012926347324112e-02, 5.895492930586369e-01
491, 9.040834555837411e-01, -1.238994915727742e-02, 1.206318598214053e+00, 2.061201703267436e+01, 2.157344793114916e+00, 2.541789188312559e+05, 1.016003575912236e+05, 2.934023299091767e+02, 5.003151799404727e-02, 5.917147069161980e-01
492, 9.184443897034891e-01, -1.083490535970657e-02, 1.206334291580592e+00, 2.052327894063762e+01, 2.304979831726526e+00, 2.541824147565347e+05, 1.016022528484502e+05, 2.934039860663059e+02, 4.985619302257627e-02, 5.957874167674828e-01
493, 9.325959722359567e-01, -9.197824880848218e-03, 1.206367028721146e+00, 2.038288860776694e+01, 2.448532088515213e+00, 2.541901342226515e+05, 1.016061815112986e+05, 2.934073687411429e+02, 4.955791870167767e-02, 6.042297029436690e-01
494, 9.465729193146345e-01, -7.479641013997887e-03, 1.206435475559987e+00, 2.014467776616056e+01, 2.587207737753283e+00, 2.542063895295289e+05, 1.016141722646534e+05, 2.934137958679300e+02, 4.902523168019440e-02, 6.214009973989880e-01
495, 9.603477820372707e-01, -5.688589093052261e-03, 1.206636816678635e+00, 1.970655810386837e+01, 2.742347082615754e+00, 2.542602700484762e+05, 1.016384927664244e+05, 2.934350508472787e+02, 4.801691787888732e-02, 6.736632158238005e-01
496, 9.738939055990997e-01, -3.833556090139093e-03, 1.206912365672899e+00, 1.875207824412270e+01, 2.928322103096458e+00, 2.543236321850297e+05, 1.016697608004101e+05, 2.934583086316686e+02, 4.579134672597238e-02, 7.408549554213307e-01
497, 9.871518890648576e-01, -1.928905152700053e-03, 1.207987619640799e+00, 1.660945238059021e+01, 3.238109583265705e+00, 2.547702575586867e+05, 1.018606920637263e+05, 2.937477065465204e+02, 4.077153350531874e-02, 1.151146300621853e+00
498, 1.304034071519096e+00, 1.150584936809173e-01, 1.204231199347222e+00, 8.263183020995200e+00, 6.983077025107641e+00, 2.536879449112165e+05, 1.014557392456690e+05, 2.934925557967248e+02, 2.615872024744770e-02, 2.809449853543219e-01
499, 1.301055930373787e+00, 1.124412124202732e-01, 1.204395482206847e+00, 1.034130535427514e+01, 8.908591085722117e+00, 2.537317428142726e+05, 1.014617595152122e+05, 2.934699357469794e+02, 3.299994175257483e-02, 2.938819158833485e-01
500, 1.298005991937072e+00, 1.097848997234603e-01, 1.204146064219463e+00, 1.233134274494248e+01, 1.054696493899172e+01, 2.536793704037090e+05, 1.014280158450908e+05, 2.934331019040389e+02, 3.924128859165261e-02, 2.213702927702044e-01
501, 1.294892996136672e+00, 1.070987656839552e-01, 1.204001278277231e+00, 1.376766183275584e+01, 1.176169241465357e+01, 2.536580812024295e+05, 1.014087664389976e+05, 2.934126928214471e+02, 4.379717943665676e-02, 1.800053293632563e-01
502, 1.291721748731735e+00, 1.043884485035905e-01, 1.203764186614065e+00, 1.489937059148331e+01, 1.263483475317794e+01, 2.536112591046701e+05, 1.013810974868243e+05, 2.933904107858850e+02, 4.726157596424389e-02, 1.205476407151171e-01
503, 1.288497269747739e+00, 1.016596237911543e-01, 1.203599164262363e+00, 1.585682105845990e+01, 1.332685930687517e+01, 2.535811398332157e+05, 1.013611624386072e+05, 2.933729381180807e+02, 5.011989411939019e-02, 7.770930398809725e-02
504, 1.285224740358520e+00, 9.891798675297796e-02, 1.203440956981456e+00, 1.669343340890692e+01, 1.389861599071622e+01, 2.535521072702560e+05, 1.013424273875573e+05, 2.933572730378893e+02, 5.256859236154984e-02, 3.744963585327044e-02
505, 1.281896996662145e+00, 9.615889967601034e-02, 1.203300883454850e+00, 1.745924355690067e+01, 1.438986832199580e+01, 2.535274854250634e+05, 1.013259126242637e+05, 2.933436110226880e+02, 5.476188742020785e-02, 1.961134233830693e-03
506, 1.278517180024146e+00, 9.338645598887592e-02, 1.203165115771069e+00, 1.818892028358960e+01, 1.483205481219545e+01, 2.535035370360266e+05, 1.013098518753236e+05, 2.933302106107224e+02, 5.681395284594258e-02, -3.255173795423443e-02
507, 1.275098589208626e+00, 9.061281592261865e-02, 1.203032468594325e+00, 1.888792384018692e+01, 1.523163455550295e+01, 2.534799560264792e+05, 1.012941036959942e+05, 2.933169514558026e+02, 5.874528701725763e-02, -6.639293069190272e-02
508, 1.271624809587951e+00, 8.782607118105230e-02, 1.202898194310519e+00, 1.956878552519100e+01, 1.560247779761504e+01, 2.534561138320648e+05, 1.012783012780056e+05, 2.933039290393206e+02, 6.060109040244244e-02, -1.003506766437805e-01
509, 1.268104784263223e+00, 8.503488325072393e-02, 1.202764914575494e+00, 2.023896196120645e+01, 1.594865508880114e+01, 2.534325379394676e+05, 1.012626070366132e+05, 2.932909745135091e+02, 6.240177990402315e-02, -1.340759623875843e-01
510, 1.264546636582631e+00, 8.224702970316007e-02, 1.202634854031228e+00, 2.089921440171280e+01, 1.626988797005582e+01, 2.534094182686525e+05, 1.012471090524943e+05, 2.932778005645229e+02, 6.414863306117133e-02, -1.673795117467539e-01
511, 1.260926867820013e+00, 7.944570467253517e-02, 1.202495983527065e+00, 2.155735083232489e+01, 1.657455691763067e+01, 2.533845939439373e+05, 1.012308541627355e+05, 2.932645795914821e+02, 6.587002185728773e-02, -2.023095722793797e-01
512, 1.253312570955463e+00, 7.366854209353417e-02, 1.202216044321811e+00, 2.291263774646171e+01, 1.714327460366361e+01, 2.533346170698389e+05, 1.011976182629443e+05, 2.932365606031884e+02, 6.933777951420989e-02, -2.737300499815105e-01
513, 1.249323126956130e+00, 7.070472736268478e-02, 1.202069878106947e+00, 2.361186119522859e+01, 1.740810083467654e+01, 2.533090578618330e+05, 1.011804431217667e+05, 2.932224430146322e+02, 7.109088318817101e-02, -3.106376347077615e-01
514, 1.245312627017124e+00, 6.776946242257950e-02, 1.201922311875775e+00, 2.430969849192647e+01, 1.765198736181853e+01, 2.532821720796163e+05, 1.011626837342454e+05, 2.932069701630870e+02, 7.281556669398007e-02, -3.488007038119685e-01
515, 1.241280753751280e+00, 6.486362779336990e-02, 1.201772723193200e+00, 2.500601599626055e+01, 1.787603388206379e+01, 2.532559610270766e+05, 1.011451411309453e+05, 2.931926153200384e+02, 7.451342377277262e-02, -3.864979262641062e-01
516, 1.237227172924041e+00, 6.198815628622698e-02, 1.201623330604205e+00, 2.570270539878539e+01, 1.807903985377925e+01, 2.532281295168917e+05, 1.011268940214672e+05, 2.931761666308261e+02, 7.618733637882250e-02, -4.257090589186933e-01
517, 1.233151530074464e+00, 5.914403725552253e-02, 1.201468531488289e+00, 2.640249388799143e+01, 1.826562554397851e+01, 2.531998036524862e+05, 1.011083439734440e+05, 2.931601546900919e+02, 7.784982447751806e-02, -4.655711748695247e-01
518, 1.229053461597707e+00, 5.633233002400864e-02, 1.201312830491333e+00, 2.710522254415094e+01, 1.843111275503799e+01, 2.531732378193178e+05, 1.010904243158475e+05, 2.931461867318556e+02, 7.949424952945813e-02, -5.040786476276647e-01
519, 1.224932585380413e+00, 5.355416252146526e-02, 1.201155611933659e+00, 2.781024440111317e+01, 1.857483115896038e+01, 2.531442645572365e+05, 1.010714794863364e+05, 2.931296122757369e+02, 8.111986566729165e-02, -5.447891077675313e-01
520, 1.220788500273277e+00, 5.081073642273658e-02, 1.200997282282144e+00, 2.851787884708733e+01, 1.869758206882312e+01, 2.531167274594520e+05, 1.010530404224826e+05, 2.931147716770651e+02, 8.272859944141453e-02, -5.844127303289751e-01
521, 1.216620790068793e+00, 4.810333550822044e-02, 1.200841814265793e+00, 2.922720315214307e+01, 1.879327883140098e+01, 2.530878482459301e+05, 1.010340442467195e+05, 2.930976125309226e+02, 8.431169250670356e-02, -6.252335282021775e-01
522, 1.212429024915996e+00, 4.543333248071892e-02, 1.200680652189213e+00, 2.993705524436686e+01, 1.886768990311303e+01, 2.530600229768300e+05, 1.010154246688275e+05, 2.930829314832885e+02, 8.587528205548248e-02, -6.652450565799691e-01
523, 1.208212758761011e+00, 4.280219381764841e-02, 1.200538660184558e+00, 3.065218764469924e+01, 1.890542226289053e+01, 2.530350174951391e+05, 1.009979420529842e+05, 2.930668659473915e+02, 8.740914613118202e-02, -7.028133722520963e-01
524, 1.203971529135017e+00, 4.021148677375076e-02, 1.200363158577618e+00, 3.136802964963705e+01, 1.893670640263653e+01, 2.530006293900025e+05, 1.009765607631733e+05, 2.930476630011869e+02, 8.894774565680914e-02, -7.487595311278427e-01
525, 1.199704863905880e+00, 3.766289120513432e-02, 1.200211395705323e+00, 3.209693815278370e+01, 1.892897972083884e+01, 2.529730977668369e+05, 1.009578599151983e+05, 2.930304386784153e+02, 9.047176562998077e-02, -7.889457004265046e-01
526, 1.195412277088539e+00, 3.515820524581308e-02, 1.200119015935994e+00, 3.284028094026620e+01, 1.887528996077903e+01, 2.529664750708566e+05, 1.009474869720145e+05, 2.930228850340604e+02, 9.197415195629886e-02, -8.112360720432972e-01
527, 1.191093272193457e+00, 3.269935632918073e-02, 1.199884362003953e+00, 3.359490683181045e+01, 1.886568209523798e+01, 2.529140614149480e+05, 1.009181787665394e+05, 2.929950993752185e+02, 9.357855291258692e-02, -8.742163448436676e-01
528, 1.186747345856650e+00, 3.028841291497203e-02, 1.199719792269156e+00, 3.438817474302264e+01, 1.879512963461579e+01, 2.528858481129355e+05, 1.008983122178575e+05, 2.929776041966435e+02, 9.519671021233461e-02, -9.169074832232242e-01
529, 1.182373990062612e+00, 2.792759605053532e-02, 1.199532104076210e+00, 3.517372637420586e+01, 1.870540143099825e+01, 2.528501774280629e+05, 1.008754539485796e+05, 2.929570620135682e+02, 9.679147823174405e-02, -9.660275167268739e-01
530, 1.177972695412898e+00, 2.561929224908440e-02, 1.199354183756050e+00, 3.596790726340677e+01, 1.856705333820281e+01, 2.528204814820216e+05, 1.008549745818552e+05, 2.929410373505653e+02, 9.836191714297593e-02, -1.010035537080695e+00
531, 1.173542952691155e+00, 2.336606628828002e-02, 1.199171259469971e+00, 3.675612271558489e+01, 1.838520704138988e+01, 2.527889264280997e+05, 1.008338712923922e+05, 2.929244177575060e+02, 9.988738215040664e-02, -1.055384302241237e+00
532, 1.169084263438536e+00, 2.117067944096437e-02, 1.198990042827017e+00, 3.754287557465837e+01, 1.815679088646269e+01, 2.527539162030157e+05, 1.008114662302303e+05, 2.929035936765177e+02, 1.013771483990151e-01, -1.103530440982672e+00
533, 1.164596148016807e+00, 1.903610681194169e-02, 1.198826720765656e+00, 3.833061891629785e+01, 1.788623945452636e+01, 2.527234448457308e+05, 1.007908937825190e+05, 2.928837168250618e+02, 1.028421097760064e-01, -1.147738482656613e+00
534, 1.160078145223195e+00, 1.696555151665247e-02, 1.198655447529219e+00, 3.911556095687519e+01, 1.756805808677262e+01, 2.526905657804253e+05, 1.007694386063784e+05, 2.928632117961262e+02, 1.042738816407103e-01, -1.193843415538474e+00
535, 1.155529831672067e+00, 1.496246906210839e-02, 1.198493435112743e+00, 3.989939194185466e+01, 1.719181913114724e+01, 2.526593684758712e+05, 1.007487652524296e+05, 2.928427105896712e+02, 1.056681444983732e-01, -1.238268294178806e+00
536, 1.150950829418946e+00, 1.303058656785618e-02, 1.198328953416272e+00, 4.067583633357778e+01, 1.676038837726587e+01, 2.526302010132966e+05, 1.007290582043653e+05, 2.928256163411183e+02, 1.070187277154585e-01, -1.280616682388091e+00
537, 1.146340817740207e+00, 1.117392469000917e-02, 1.198154682677215e+00, 4.145174205772062e+01, 1.627249245512632e+01, 2.526028355958400e+05, 1.007101183922199e+05, 2.928131404006482e+02, 1.083449873730396e-01, -1.321316360733253e+00
538, 1.141699564870487e+00, 9.396827005349566e-03, 1.197996581662399e+00, 4.221703778925141e+01, 1.571795402833571e+01, 2.525731163473958e+05, 1.006904588680085e+05, 2.927946159827781e+02, 1.096202082877114e-01, -1.363562625145774e+00
539, 1.137026930017504e+00, 7.703978538019339e-03, 1.197861135077154e+00, 4.295489170882478e+01, 1.508754333742992e+01, 2.525445767756507e+05, 1.006717544206172e+05, 2.927733271281214e+02, 1.108034004591984e-01, -1.403756529214330e+00
540, 1.132322902087418e+00, 6.100441539824243e-03, 1.197733071168464e+00, 4.366440651138893e+01, 1.438873948523362e+01, 2.525164553288508e+05, 1.006536460273541e+05, 2.927519626000195e+02, 1.119062319122515e-01, -1.442669575209429e+00
541, 1.127587638736834e+00, 4.591684151739094e-03, 1.197615068945968e+00, 4.434311264023716e+01, 1.360528024747184e+01, 2.524915576497224e+05, 1.006373397901601e+05, 2.927333762477518e+02, 1.129171498148546e-01, -1.477709976018061e+00
542, 1.122821477245223e+00, 3.183599144733773e-03, 1.197513999830150e+00, 4.498077268230367e+01, 1.273487277128265e+01, 2.524708314637945e+05, 1.006233352834557e+05, 2.927173430090223e+02, 1.138194433392981e-01, -1.507804198382792e+00
543, 1.118025000634657e+00, 1.882546304551803e-03, 1.197403989449302e+00, 4.557856764193878e+01, 1.177419187628187e+01, 2.524551720144403e+05, 1.006119284952115e+05, 2.927110502874290e+02, 1.146250241279876e-01, -1.532316195066022e+00
544, 1.113199091958954e+00, 6.953832289979730e-04, 1.197330897797104e+00, 4.612056142152511e+01, 1.072147823819202e+01, 2.524442172065246e+05, 1.006031778332612e+05, 2.927034590555148e+02, 1.153045095149155e-01, -1.551120453732913e+00
545, 1.108344977167769e+00, -3.705304394986352e-04, 1.197270353337652e+00, 4.657864603560984e+01, 9.575470249225351e+00, 2.524168814896263e+05, 1.005890167084295e+05, 2.926770570352416e+02, 1.158083374103953e-01, -1.581551232097044e+00
546, 1.103464304377549e+00, -1.307257661602461e-03, 1.197259409300356e+00, 4.694994921296257e+01, 8.328882625671724e+00, 2.524096279799010e+05, 1.005840390979012e+05, 2.926652492200891e+02, 1.161290420117085e-01, -1.592247597291738e+00
547, 1.098559228792499e+00, -2.106327418970850e-03, 1.197242410369315e+00, 4.722283860203815e+01, 6.946088151478118e+00, 2.523928640973948e+05, 1.005765636270762e+05, 2.926476532200450e+02, 1.162510051300727e-01, -1.608311603403307e+00
548, 1.093632512170694e+00, -2.758625988996012e-03, 1.197322922086407e+00, 4.736931300252059e+01, 5.516600443910627e+00, 2.524214301945549e+05, 1.005886771216934e+05, 2.926632189500046e+02, 1.161390314140958e-01, -1.582280968528508e+00
549, 1.088687625352797e+00, -3.254473293811535e-03, 1.197390248879337e+00, 4.744465440631397e+01, 3.938156434506228e+00, 2.524160561434420e+05, 1.005878484193873e+05, 2.926443521210562e+02, 1.159374218920625e-01, -1.584061763239800e+00
550, 1.083728876209836e+00, -3.583529919380373e-03, 1.197734158715260e+00, 4.744494772005845e+01, 2.254145199957585e+00, 2.525075499779172e+05, 1.006262912791526e+05, 2.926721353408934e+02, 1.156324191149809e-01, -1.501452072335899e+00
551, 1.078761557777927e+00, -3.734795084279550e-03, 1.198108853925228e+00, 4.736839998283592e+01, 4.428283970178339e-01, 2.525758356899795e+05, 1.006557503796168e+05, 2.926662605514574e+02, 1.152859122146017e-01, -1.438147541962263e+00
552, 1.073792114781722e+00, -3.696573838706114e-03, 1.198441172388427e+00, 4.710931280958890e+01, -1.401419664965871e+00, 2.526421351030724e+05, 1.006861639511944e+05, 2.926735123211707e+02, 1.146678249481715e-01, -1.372791952845122e+00
553, 1.068828383260705e+00, -3.456396904409025e-03, 1.198615842969503e+00, 4.663532305613463e+01, -3.333327015619234e+00, 2.526825448960919e+05, 1.007082698302746e+05, 2.926951096944535e+02, 1.137325961536076e-01, -1.325288727301399e+00
554, 1.058995720678734e+00, -2.321648338860740e-03, 1.199320045655618e+00, 4.490319961198518e+01, -7.314225234541791e+00, 2.528245742502797e+05, 1.007846682507268e+05, 2.927451598205586e+02, 1.105948467151079e-01, -1.161116500322501e+00
555, 1.054688460428600e+00, -1.515184988774756e-03, 1.199645774633281e+00, 4.374914921823026e+01, -9.204833370589476e+00, 2.528945898446626e+05, 1.008246180735650e+05, 2.927816825036418e+02, 1.086430201055954e-01, -1.075268503152609e+00
556, 1.050886784277755e+00, -6.249776965642548e-04, 1.199941224176811e+00, 4.246142368593519e+01, -1.088992624472033e+01, 2.529610692307134e+05, 1.008641515060296e+05, 2.928243655152626e+02, 1.064914863693448e-01, -9.903152854103874e-01
557, 1.047527593986004e+00, 3.163538061202464e-04, 1.200133191972356e+00, 4.105358333049239e+01, -1.238808169050988e+01, 2.530116124192512e+05, 1.008982021021011e+05, 2.928763650537690e+02, 1.041487418575861e-01, -9.171441104837650e-01
558, 1.044555424936557e+00, 1.284800412152834e-03, 1.200352433032720e+00, 3.959916351703204e+01, -1.375259692913971e+01, 2.530639951718944e+05, 1.009328127791734e+05, 2.929233177662572e+02, 1.017839785221901e-01, -8.427693799779883e-01
559, 1.041921766250732e+00, 2.263166266808126e-03, 1.200560104092875e+00, 3.810974502866141e+01, -1.497291463775198e+01, 2.530944989003200e+05, 1.009585064479908e+05, 2.929472026129343e+02, 9.939845602050486e-02, -7.875563689752058e-01
560, 1.039584390885929e+00, 3.239558520512247e-03, 1.200718506188612e+00, 3.657173934275799e+01, -1.606828704955823e+01, 2.531343731485383e+05, 1.009879614067192e+05, 2.929940131939505e+02, 9.695132434559287e-02, -7.242607387593935e-01
561, 1.037506640824559e+00, 4.206119912879449e-03, 1.200902514133519e+00, 3.502348064785122e+01, -1.708029891266760e+01, 2.531596930796908e+05, 1.010110039486969e+05, 2.930159618151508e+02, 9.455578710751038e-02, -6.747447224681605e-01
562, 1.035656827928002e+00, 5.158191816532072e-03, 1.201069638579633e+00, 3.344073162031220e+01, -1.799763373360118e+01, 2.531980433235067e+05, 1.010390651675320e+05, 2.930565792735373e+02, 9.213392541563764e-02, -6.144440937296527e-01
563, 1.034007630886537e+00, 6.093548646634485e-03, 1.201219559363017e+00, 3.180936865785780e+01, -1.885123776454592e+01, 2.532170780605893e+05, 1.010591950541434e+05, 2.930783817275780e+02, 8.969199871550025e-02, -5.711870696411526e-01
564, 1.032535581849297e+00, 7.011857114178014e-03, 1.201347158481124e+00, 3.014567630817947e+01, -1.964548419696409e+01, 2.532457924163243e+05, 1.010827744665503e+05, 2.931156274878660e+02, 8.726676268590866e-02, -5.205173748648513e-01
565, 1.031220656603192e+00, 7.914332364124718e-03, 1.201489100370827e+00, 2.839456387398976e+01, -2.038205290455567e+01, 2.532680199943969e+05, 1.011038471286803e+05, 2.931420977142711e+02, 8.475607532199572e-02, -4.752344246444131e-01
566, 1.030045943909390e+00, 8.803484683517939e-03, 1.201615459354533e+00, 2.653261029128575e+01, -2.106614751147788e+01, 2.532913741554200e+05, 1.011255131752604e+05, 2.931740838714242e+02, 8.213887996474960e-02, -4.286763532101037e-01
567, 1.028997423553257e+00, 9.682984267221337e-03, 1.201831372552516e+00, 2.455663746841022e+01, -2.169231532955649e+01, 2.533231827828590e+05, 1.011506149398540e+05, 2.931941738517188e+02, 7.942334341505142e-02, -3.747352825696401e-01
568, 1.028063878043117e+00, 1.055762494080232e-02, 1.201993150659388e+00, 2.243227842554339e+01, -2.223986099263734e+01, 2.533557692843474e+05, 1.011762803895756e+05, 2.932290960033413e+02, 7.655462157449276e-02, -3.195829114567892e-01
569, 1.027236978597836e+00, 1.143337306309607e-02, 1.202167634695959e+00, 2.006422125109240e+01, -2.268255771207211e+01, 2.533837989674796e+05, 1.012009499498952e+05, 2.932580233270605e+02, 7.337747216838189e-02, -2.665706026644319e-01
570, 1.026511615183511e+00, 1.231748053004188e-02, 1.202355817820618e+00, 1.743370279207868e+01, -2.295087751024327e+01, 2.534171129971871e+05, 1.012286703326296e+05, 2.932924399051890e+02, 6.982062701216715e-02, -2.070023951115758e-01
571, 1.025886580046580e+00, 1.321860763608984e-02, 1.202926491893637e+00, 1.449351169660121e+01, -2.302545806622300e+01, 2.535503106164184e+05, 1.012970521211387e+05, 2.933513309010003e+02, 6.587223988997123e-02, -6.005707297144810e-02
572, 1.025365745121623e+00, 1.414681494022988e-02, 1.203467498544286e+00, 1.105302857493293e+01, -2.246938987987279e+01, 2.536725294055094e+05, 1.013648057204102e+05, 2.934155806949798e+02, 6.059319293167838e-02, 8.553833610129333e-02
573, 1.024959817793286e+00, 1.511309348951625e-02, 1.203922591502719e+00, 7.228528598564799e+00, -2.073759228269583e+01, 2.537565020897651e+05, 1.014224795120289e+05, 2.934715494182760e+02, 5.311631415154363e-02, 2.094732912001197e-01
574, 1.024687923560267e+00, 1.612768765494298e-02, 1.204217489368956e+00, 3.447740168759315e+00, -1.780859002520787e+01, 2.538105958894236e+05, 1.014695916173086e+05, 2.935359699873854e+02, 4.385661934755736e-02, 3.107122853528089e-01
575, 1.024577303594430e+00, 1.719680798839740e-02, 1.203991124490580e+00, 8.709839048933422e-01, -1.401437855645984e+01, 2.537003924236235e+05, 1.014474056616904e+05, 2.935269656618272e+02, 3.395586785259313e-02, 2.630369836915602e-01
576, 1.024661434453513e+00, 1.831932028842283e-02, 1.205186556520109e+00, -1.298132614866107e+00, -9.407122319274086e+00, 2.540561788062353e+05, 1.016075063541344e+05, 2.936985887891185e+02, 2.293500775560749e-02, 6.070766518396473e-01
577, 1.024973739320795e+00, 1.948545178703394e-02, 1.204260392067089e+00, -5.083034180239074e-01, -4.991162760914764e+00, 2.537835601063608e+05, 1.015092438705090e+05, 2.936402163457835e+02, 1.212733196271110e-02, 3.959208364472588e-01
578, 1.025540775118501e+00, 2.068064480083719e-02, 1.205885838203929e+00, 2.592769439635279e-01, -1.362816661482105e-01, 2.542629284039878e+05, 1.017051571318524e+05, 2.938103736841200e+02, 7.068837870626396e-04, 8.169179751194831e-01
579, 1.026381107755823e+00, 2.189239323733726e-02, 1.206186937977555e+00, 2.978747999444801e+00, 3.339157990692855e+00, 2.542824566978187e+05, 1.017096626438824e+05, 2.937500424382460e+02, 1.079720195073790e-02, 8.265998499445931e-01
580, 1.027510103273142e+00, 2.311441834516694e-02, 1.206072517580896e+00, 6.088727701061568e+00, 5.600955041616732e+00, 2.541897945858911e+05, 1.016645680520841e+05, 2.936476594818391e+02, 1.996778719710286e-02, 7.296962815668708e-01
581, 1.028945576194092e+00, 2.434653806765955e-02, 1.206116185007977e+00, 8.941764976384684e+00, 6.750796493293517e+00, 2.541839611900706e+05, 1.016527691655719e+05, 2.936029493330410e+02, 2.704287269489499e-02, 7.043417066539996e-01
582, 1.030711144202373e+00, 2.559265061195843e-02, 1.205912563035861e+00, 1.144372035172785e+01, 7.220661051259611e+00, 2.541225677725083e+05, 1.016186606152594e+05, 2.935539929653418e+02, 3.266867916072948e-02, 6.310459941159137e-01
583, 1.032837499437034e+00, 2.685896797037725e-02, 1.205695977022248e+00, 1.352403987017377e+01, 7.277966418638154e+00, 2.540624047216118e+05, 1.015858361962486e+05, 2.935118861646177e+02, 3.708817150086624e-02, 5.605097456386040e-01
584, 1.035362718001220e+00, 2.815308302570594e-02, 1.205708940265590e+00, 1.530073292804861e+01, 7.217954902902899e+00, 2.540668668009248e+05, 1.015792707016464e+05, 2.934897609810205e+02, 4.085597558602411e-02, 5.464011833976423e-01
585, 1.038332398456183e+00, 2.948372296514773e-02, 1.205712368287068e+00, 1.682540446135171e+01, 7.020631447417572e+00, 2.540706625521896e+05, 1.015731302292039e+05, 2.934711851239364e+02, 4.402956908126001e-02, 5.332059493913225e-01
586, 1.041799878464690e+00, 3.086096373485308e-02, 1.205703005736489e+00, 1.800741232098867e+01, 6.718574802845945e+00, 2.540721552492010e+05, 1.015675856254372e+05, 2.934574440661804e+02, 4.641841470427776e-02, 5.212911749403348e-01
587, 1.045826716362384e+00, 3.229671989820270e-02, 1.205704548376189e+00, 1.888865165131180e+01, 6.381469214703617e+00, 2.540695456665674e+05, 1.015618810001418e+05, 2.934405863490646e+02, 4.815274902877625e-02, 5.090325309359041e-01
588, 1.055263722384597e+00, 3.523628965153514e-02, 1.205728676714153e+00, 2.001295911979683e+01, 5.797989825857605e+00, 2.540747888205549e+05, 1.015579034367563e+05, 2.934232221280023e+02, 5.032303586996746e-02, 5.004851626121878e-01
589, 1.060066874778592e+00, 3.658859429994866e-02, 1.205758007206149e+00, 2.030653752776609e+01, 5.573894178801205e+00, 2.540806550685861e+05, 1.015587109898244e+05, 2.934184176463407e+02, 5.085770943543681e-02, 5.022205098198290e-01
590, 1.064885852749996e+00, 3.788352889519649e-02, 1.205780434302356e+00, 2.050125573073629e+01, 5.407066385347152e+00, 2.540849627893124e+05, 1.015594213161070e+05, 2.934150123674278e+02, 5.120647622278032e-02, 5.037469268191339e-01
591, 1.069715936800018e+00, 3.913654581709804e-02, 1.205803944937592e+00, 2.063266562443077e+01, 5.276403883634708e+00, 2.540895106991357e+05, 1.015605769044882e+05, 2.934126299349193e+02, 5.143353321185239e-02, 5.062301655678135e-01
592, 1.074553747198968e+00, 4.035930446603781e-02, 1.205816843534230e+00, 2.071304813009421e+01, 5.182672023838339e+00, 2.540907877803733e+05, 1.015606999049823e+05, 2.934098466559971e+02, 5.156591340119940e-02, 5.064944807843321e-01
593, 1.079396810471628e+00, 4.156084224093981e-02, 1.205841676865713e+00, 2.075836148763037e+01, 5.117618771545033e+00, 2.540947146086140e+05, 1.015620716462236e+05, 2.934077670102704e+02, 5.163337092140732e-02, 5.094422094556504e-01
594, 1.084243463365098e+00, 4.274836842441565e-02, 1.205859716686120e+00, 2.078833819695108e+01, 5.074279092478019e+00, 2.540996506429602e+05, 1.015639138917880e+05, 2.934086996674455e+02, 5.167788929495328e-02, 5.134010027810514e-01
595, 1.089092066563804e+00, 4.392763742748168e-02, 1.205868274920297e+00, 2.081349036264424e+01, 5.055774277173887e+00, 2.541004930987338e+05, 1.015641089561944e+05, 2.934071808193221e+02, 5.172610127795544e-02, 5.138201758191111e-01
596, 1.093941531784997e+00, 4.510337339651027e-02, 1.205873151674933e+00, 2.083348161092709e+01, 5.050292839636372e+00, 2.541019310932512e+05, 1.015645555627211e+05, 2.934072844214787e+02, 5.176967826622727e-02, 5.147798866042398e-01
597, 1.098790886815059e+00, 4.627952610420484e-02, 1.205883765150837e+00, 2.084463393641662e+01, 5.063488939938872e+00, 2.541036978777897e+05, 1.015651637221358e+05, 2.934064589049825e+02, 5.180298348604020e-02, 5.160867576739345e-01
598, 1.103639351223852e+00, 4.745936722545114e-02, 1.205894810472438e+00, 2.085763345446550e+01, 5.089803234950679e+00, 2.541077482372092e+05, 1.015666503432357e+05, 2.934080660511069e+02, 5.184790188569902e-02, 5.192813511643793e-01
599, 1.108486230176312e+00, 4.864570855989190e-02, 1.205893227920231e+00, 2.086693529229815e+01, 5.125722660169833e+00, 2.541071844960097e+05, 1.015662995195884e+05, 2.934074376360331e+02, 5.189047272564222e-02, 5.185274677841283e-01
600, 1.113330927318988e+00, 4.984093154026931e-02, 1.205909683573286e+00, 2.087321201445632e+01, 5.173268805640246e+00, 2.541110790080674e+05, 1.015677337051612e+05, 2.934075769015219e+02, 5.193197440052050e-02, 5.216093828027073e-01
601, 1.118172911140708e+00, 5.104707943650396e-02, 1.205911231836569e+00, 2.088109034329123e+01, 5.228394570085654e+00, 2.541106962379493e+05, 1.015674310404961e+05, 2.934063258643182e+02, 5.198265941936230e-02, 5.209589880456901e-01
602, 1.123011712786048e+00, 5.226594354552204e-02, 1.205915305223935e+00, 2.088775033384176e+01, 5.292455684765635e+00, 2.541104335686928e+05, 1.015671683178856e+05, 2.934045758388846e+02, 5.203602140906369e-02, 5.203944245929329e-01
603, 1.127846891843887e+00, 5.349907924107856e-02, 1.205920239900018e+00, 2.089144136107117e+01, 5.362460848026958e+00, 2.541133573715755e+05, 1.015681888727473e+05, 2.934063233551755e+02, 5.208606721933443e-02, 5.225874904103833e-01
604, 1.132678060953439e+00, 5.474785322118735e-02, 1.205923103839160e+00, 2.089609666071879e+01, 5.437605947697751e+00, 2.541131748398422e+05, 1.015679491826298e+05, 2.934049341402998e+02, 5.214235965487731e-02, 5.220724213794672e-01
605, 1.137504837422430e+00, 5.601346362139569e-02, 1.205927174213726e+00, 2.089965381073267e+01, 5.519449032751028e+00, 2.541131284334378e+05, 1.015677574986163e+05, 2.934033900822314e+02, 5.220074974246301e-02, 5.216605124528710e-01
606, 1.142326896572627e+00, 5.729697894640613e-02, 1.205929866947222e+00, 2.090589309454130e+01, 5.607139779979682e+00, 2.541152496186588e+05, 1.015684010698756e+05, 2.934045940480624e+02, 5.226955101458763e-02, 5.230434798784770e-01
607, 1.147143890168594e+00, 5.859933939493017e-02, 1.205930352881581e+00, 2.091282664417750e+01, 5.698400929725016e+00, 2.541146237258637e+05, 1.015679315425497e+05, 2.934031194782145e+02, 5.234334021917776e-02, 5.220345146897410e-01
608, 1.151955519179957e+00, 5.992139294719152e-02, 1.205934207365485e+00, 2.091979432552263e+01, 5.794454640606153e+00, 2.541153559897363e+05, 1.015679932736081e+05, 2.934023600087017e+02, 5.242091541822383e-02, 5.221671682872308e-01
609, 1.156761484108244e+00, 6.126389471838159e-02, 1.205931129624404e+00, 2.092945533530619e+01, 5.894821317464086e+00, 2.541144510602571e+05, 1.015673694755199e+05, 2.934013068334277e+02, 5.250881723643384e-02, 5.208266913414136e-01
610, 1.161561494508693e+00, 6.262752134858905e-02, 1.205931257676314e+00, 2.094048437694608e+01, 5.998890579589890e+00, 2.541140047287463e+05, 1.015669090852367e+05, 2.933999457327863e+02, 5.260322646058821e-02, 5.198373607029975e-01
611, 1.166355278678808e+00, 6.401288380871535e-02, 1.205926192944394e+00, 2.095635660190552e+01, 6.107712909161225e+00, 2.541137111600399e+05, 1.015664625401545e+05, 2.933998880180029e+02, 5.271322902699811e-02, 5.188777819557172e-01
612, 1.171142566068464e+00, 6.542053087916865e-02, 1.205925005792905e+00, 2.097509493771457e+01, 6.220642107249433e+00, 2.541143732882169e+05, 1.015663661042954e+05, 2.933998982711773e+02, 5.283361876253082e-02, 5.186705513657919e-01
613, 1.175923095275738e+00, 6.685095859482927e-02, 1.205918454061942e+00, 2.099944330739045e+01, 6.337326368093106e+00, 2.541126318860230e+05, 1.015652565918916e+05, 2.933982871849805e+02, 5.297115010361944e-02, 5.162863250805636e-01
614, 1.180696612274859e+00, 6.830461590134143e-02, 1.205915527878259e+00, 2.102468115701492e+01, 6.457346866776875e+00, 2.541113675531137e+05, 1.015643200840962e+05, 2.933962937644461e+02, 5.311418326483268e-02, 5.142738676311382e-01
615, 1.185462867555478e+00, 6.978190908621743e-02, 1.205910414474427e+00, 2.105338310578820e+01, 6.582771701173897e+00, 2.541112182708718e+05, 1.015637884740690e+05, 2.933960021409949e+02, 5.327030321481069e-02, 5.131314932008277e-01
616, 1.190221615843364e+00, 7.128320623329551e-02, 1.205902829945402e+00, 2.108412650550432e+01, 6.709493026078565e+00, 2.541098422437136e+05, 1.015627433427461e+05, 2.933948282766954e+02, 5.343361421371218e-02, 5.108856151348605e-01
617, 1.194972616960699e+00, 7.280884144572415e-02, 1.205896288363723e+00, 2.111576498540029e+01, 6.840377952865722e+00, 2.541080486545510e+05, 1.015615098975385e+05, 2.933928566445327e+02, 5.360346416615105e-02, 5.082350701969560e-01
618, 1.199715635691564e+00, 7.435911829591971e-02, 1.205888820936770e+00, 2.115210947422326e+01, 6.973420278130702e+00, 2.541074441374005e+05, 1.015607079934503e+05, 2.933923568997650e+02, 5.378708146120529e-02, 5.065118620572440e-01
619, 1.204450436655560e+00, 7.593431116979651e-02, 1.205878886128782e+00, 2.119234745784999e+01, 7.111684805957234e+00, 2.541060460575876e+05, 1.015595424962232e+05, 2.933914070956735e+02, 5.398521254009003e-02, 5.040073302335527e-01
620, 1.209176791895013e+00, 7.753467043304152e-02, 1.205867352235741e+00, 2.123713781557396e+01, 7.253627799295640e+00, 2.541030923997552e+05, 1.015577068538892e+05, 2.933889103625934e+02, 5.419834905177330e-02, 5.000627265607170e-01
621, 1.213894467374231e+00, 7.916042023713574e-02, 1.205856480719900e+00, 2.128463873584588e+01, 7.398845942955861e+00, 2.541022798533211e+05, 1.015566931681126e+05, 2.933886269869444e+02, 5.442158223987882e-02, 4.978844216897596e-01
622, 1.218603248263668e+00, 8.081176925835633e-02, 1.205844416612003e+00, 2.133597799141943e+01, 7.547470257396414e+00, 2.540996146851340e+05, 1.015548949040809e+05, 2.933863671678042e+02, 5.465812440794586e-02, 4.940201400850940e-01
623, 1.223302910249763e+00, 8.248890262742641e-02, 1.205830223765971e+00, 2.139121044148558e+01, 7.698784788619331e+00, 2.540969434000579e+05, 1.015530513330607e+05, 2.933844943444681e+02, 5.490739554466854e-02, 4.900584984936954e-01
624, 1.227993227749396e+00, 8.419198592923317e-02, 1.205815767357938e+00, 2.144985535507137e+01, 7.854945466398642e+00, 2.540943700530127e+05, 1.015512013899271e+05, 2.933826671942365e+02, 5.517007007542991e-02, 4.860831638959872e-01
625, 1.232673985408900e+00, 8.592117016557876e-02, 1.205799040306320e+00, 2.151337338357594e+01, 8.015359754920045e+00, 2.540907695504045e+05, 1.015488850890560e+05, 2.933800451345657e+02, 5.544923890742032e-02, 4.811056752239615e-01
626, 1.237344963574144e+00, 8.767658683825780e-02, 1.205783189450086e+00, 2.158242892031902e+01, 8.180067505624068e+00, 2.540890529453683e+05, 1.015472612230313e+05, 2.933792103230904e+02, 5.574611677910046e-02, 4.776161567234015e-01
627, 1.242005952871584e+00, 8.945836537137064e-02, 1.205765610485956e+00, 2.165678202132885e+01, 8.348171966438008e+00, 2.540853290882094e+05, 1.015447762617326e+05, 2.933763081423809e+02, 5.605992703652992e-02, 4.722762344062321e-01
628, 1.246656740101708e+00, 9.126661670062311e-02, 1.205749359669648e+00, 2.173588923698686e+01, 8.522164489100035e+00, 2.540816986931714e+05, 1.015422666291703e+05, 2.933730114431066e+02, 5.639136830985234e-02, 4.668832961201927e-01
629, 1.255587326389603e+00, 9.482531212885312e-02, 1.205706722355114e+00, 2.190173071574348e+01, 8.867852253021194e+00, 2.540740310865327e+05, 1.015369987663678e+05, 2.933681656737533e+02, 5.707505861710784e-02, 4.555632091002319e-01
630, 1.259858739590373e+00, 9.656823241117880e-02, 1.205683006812536e+00, 2.198936186496626e+01, 9.040376165682536e+00, 2.540704541868842e+05, 1.015344156627503e+05, 2.933664727268672e+02, 5.742976908686983e-02, 4.500123891893493e-01
631, 1.264066235049520e+00, 9.831128197855689e-02, 1.205659715645092e+00, 2.208044150955965e+01, 9.215775042711494e+00, 2.540666610749497e+05, 1.015316995904872e+05, 2.933642922553649e+02, 5.779650479426437e-02, 4.441758335456707e-01
632, 1.268238878044529e+00, 1.000658647912200e-01, 1.205634207633020e+00, 2.217494913365952e+01, 9.393410793632343e+00, 2.540621037940003e+05, 1.015286324797764e+05, 2.933616368083740e+02, 5.817476688888500e-02, 4.375849329380229e-01
633, 1.272364859793683e+00, 1.018265320414871e-01, 1.205608515003687e+00, 2.227150923019940e+01, 9.572996901512662e+00, 2.540576228006068e+05, 1.015255610242722e+05, 2.933590136173493e+02, 5.856108026332851e-02, 4.309846958231007e-01
634, 1.276433341494418e+00, 1.035879470318448e-01, 1.205582799995564e+00, 2.237015360823586e+01, 9.754623386739688e+00, 2.540533254285765e+05, 1.015225270946323e+05, 2.933565041936155e+02, 5.895559258957850e-02, 4.244650978715065e-01
635, 1.280462077140012e+00, 1.053571427683600e-01, 1.205557479104209e+00, 2.246901417700409e+01, 9.937566280443619e+00, 2.540491870511980e+05, 1.015195366135290e+05, 2.933540243107822e+02, 5.935346480824457e-02, 4.180388662875069e-01
636, 1.284438004545860e+00, 1.071277795990547e-01, 1.205544115202420e+00, 2.255502528155179e+01, 1.011723913003267e+01, 2.540483720995820e+05, 1.015179692743138e+05, 2.933527471659298e+02, 5.972067892535687e-02, 4.146708179973377e-01
637, 1.288350627949889e+00, 1.088943483299501e-01, 1.205551329522787e+00, 2.259392942633449e+01, 1.027977342346185e+01, 2.540523700394013e+05, 1.015187276667018e+05, 2.933531831553096e+02, 5.996758799674252e-02, 4.163005240373669e-01
638, 1.292209357166907e+00, 1.106602474297674e-01, 1.205572624184638e+00, 2.245187108677887e+01, 1.036387891503893e+01, 2.540585774727876e+05, 1.015219860011988e+05, 2.933574167709731e+02, 5.973876351199408e-02, 4.233023445912138e-01
639, 1.296006821349023e+00, 1.124212677054321e-01, 1.205749218504073e+00, 2.184882384652035e+01, 1.025724224126709e+01, 2.540933286546798e+05, 1.015406974167601e+05, 2.933685120662282e+02, 5.829965612400671e-02, 4.635112225293501e-01
640, 1.299735902041070e+00, 1.141731415695917e-01, 1.205678759349140e+00, 2.005814967341083e+01, 9.600578642924470e+00, 2.540580415085366e+05, 1.015411880407041e+05, 2.933870739285506e+02, 5.371337174131977e-02, 4.645655221474115e-01
641, 1.303380724432861e+00, 1.159072514719546e-01, 1.206812019133667e+00, 1.615021854368819e+01, 8.603391105429681e+00, 2.543656799791815e+05, 1.016907790247128e+05, 2.935433814997819e+02, 4.414679397470159e-02, 7.860209244361629e-01
